"pesticide","food","EDI_prob","HQ_p5","HQ_p50","HQ_p95","HQ_exceed","LCR_p5","LCR_p50","LCR_p95","LCR_exceed"
"2,4-D","Wheat",0.00201474997905873,0.0211035234152674,0.116099055240463,0.642318291655568,1.97,NA,NA,NA,NA
"Acetamiprid","Honey",6.53636899323874e-05,0.000372304359527837,0.00443846752783023,0.0498100545276007,0,NA,NA,NA,NA
"Aldicarb","Honey",7.77713563702519e-05,0.00296751041090189,0.0307888613142379,0.290726120025105,0.56,NA,NA,NA,NA
"Aldrin","Corn",0.00976639440395067,51.938573394126,220.490437684695,929.452753190071,100,0.0264886724310043,0.112450123219195,0.474020904126936,100
"Aldrin","Fish",0.000775870438572797,2.89897868757697,15.1035230924829,82.6801409988961,99.56,0.00147847913066425,0.00770279677716628,0.042166871909437,100
"Aldrin","Honey",5.52739998579612e-05,0.073601887479608,0.716495894524066,6.77272885819974,40.94,3.75369626146001e-05,0.000365412906207274,0.00345409171768187,82.71
"Aldrin","Meat",3.60898024910665e-05,0.00291603573982164,0.104174392454667,4.14420237008897,15.18,1.48717822730904e-06,5.31289401518803e-05,0.00211354320874537,38.53
"Aldrin","Milk",0.000906592395266569,1.82188290088808,14.0341581287092,107.21034266222,98.19,0.000929160279452919,0.00715742064564169,0.0546772747577325,99.97
"Aldrin","Millet",0.00283758406762673,16.3059298581945,65.5551978278585,263.848509295346,100,0.00831602422767921,0.0334331508922079,0.134562739740626,100
"Aldrin","Onion",0.000151227188700484,0.513427528967408,2.91198586913523,16.3290860271062,84.13,0.000261848039773378,0.00148511279325897,0.00832783387382417,99.47
"Aldrin","Rice",0.00178971763616048,9.10834114244894,39.6927034845207,174.090477915731,99.98,0.00464525398264896,0.0202432787771055,0.088786143737023,100
"Aldrin","Sorghum",0.00654269693961461,36.8514849751857,149.295497247167,620.255026006635,100,0.0187942573373447,0.0761407035960554,0.316330063263384,100
"Aldrin","Tea",0.00311017254958782,18.8159381993525,73.6096285161391,284.829947730674,100,0.00959612848166977,0.0375409105432309,0.145263273342644,100
"Aldrin","Tomato",0.000129248998001822,0.253483571204499,1.95869757253505,15.055560927894,69.97,0.000129276621314295,0.000998935761992878,0.00767833607322595,96.76
"Alpha-Endosulfan","Drinking Water",0.000327262575699087,0.0085882774108097,0.0371596831080947,0.157682098567402,0,NA,NA,NA,NA
"Alpha-Endosulfan","Fish",0.00506878136921662,0.0978868966539637,0.531231340741159,2.61163306621594,25.7,NA,NA,NA,NA
"Alpha-Endosulfan","Honey",7.0614774435407e-05,0.000401467290795626,0.00426340886361585,0.0450678353781228,0,NA,NA,NA,NA
"Alpha-Endosulfan","Khat",0.000322771666849914,0.000845473140492985,0.012660154000568,0.202345780376397,0.52,NA,NA,NA,NA
"Alpha-Endosulfan","Meat",0.000224889119529504,0.00298509538890855,0.0193509405912585,0.130760701092351,0.03,NA,NA,NA,NA
"Alpha-Endosulfan","Milk",0.000197927726038692,0.000249801442264802,0.00566011601582844,0.126657519518547,0.3,NA,NA,NA,NA
"Alpha-Endosulfan","Onion",1.29888985394812e-05,8.71431862066201e-07,7.01227398516511e-05,0.0054469628616493,0.01,NA,NA,NA,NA
"Alpha-Endosulfan","Tomato",0.000110335121476555,0.000242157658360773,0.00441847826195766,0.0707781774176065,0.09,NA,NA,NA,NA
"Alpha-Hch","Fish",0.000276389753757247,NA,NA,NA,NA,3.70425702193315e-08,4.61932370868433e-06,0.000526814079581278,14.1
"Alpha-Hch","Honey",8.9673793977811e-05,NA,NA,NA,NA,4.64197820384173e-05,0.000304740453938306,0.00189650833668737,83.67
"Alpha-Hch","Khat",0.00013549660270596,NA,NA,NA,NA,9.61590464086608e-06,0.000179841862316462,0.00327358876695851,62.84
"Alpha-Hch","Meat",0.000175909313271084,NA,NA,NA,NA,5.63524681076121e-05,0.000484604251627874,0.00392235815995054,88.44
"Alpha-Hch","Milk",0.000282703526425406,NA,NA,NA,NA,0.000149956656498401,0.000971845119081883,0.00596150022854697,97.79
"Alpha-Hch","Onion",0.000132130453142094,NA,NA,NA,NA,5.35499647381347e-05,0.000401135446227096,0.0028208895445352,87.02
"Alpha-Hch","Tomato",0.000141286477997226,NA,NA,NA,NA,5.42577975217895e-05,0.000412729550899367,0.00316430251795465,87.23
"Alpha-Hch","Wheat",0.00138639685407187,NA,NA,NA,NA,0.000527059718769717,0.00397238060293639,0.0323010044207403,99.84
"Benalaxyl","Fish",7.8552102761525e-05,4.74096103310236e-06,0.000184457762112694,0.0069245081677663,0,NA,NA,NA,NA
"Bendiocarb","Swiss Chard",6.85701638818746e-05,1.41745992280511e-05,0.000773620603237778,0.0447049427156019,0.24,NA,NA,NA,NA
"Bendiocarb","Tomato",1.57988178939347e-06,3.36492308582757e-09,1.06326835922531e-06,0.000333078463149135,0,NA,NA,NA,NA
"Beta-Endosulfan","Drinking Water",0.000167677970655182,0.00266266038162914,0.0156999225134396,0.0918932166213499,0,NA,NA,NA,NA
"Beta-Endosulfan","Fish",0.002801807530795,0.0621876813476821,0.295830473135738,1.41733510637434,10.15,NA,NA,NA,NA
"Beta-Endosulfan","Khat",0.000105621562314448,0.000173036650426449,0.00319541969813096,0.067334777461209,0.06,NA,NA,NA,NA
"Beta-Endosulfan","Milk",0.000202138801086605,0.000185736039937011,0.00484422252944882,0.119878279208199,0.42,NA,NA,NA,NA
"Beta-Endosulfan","Onion",1.99836812007985e-05,1.26144521628757e-06,9.36452948160872e-05,0.00704495162466185,0.02,NA,NA,NA,NA
"Beta-Endosulfan","Tomato",0.000383238404968336,0.00654143006745227,0.0367500210128487,0.208332290736688,0.07,NA,NA,NA,NA
"Beta-Hch","Fish",7.74931296334086e-05,NA,NA,NA,NA,2.3709974672648e-08,2.25130948490719e-06,0.000239077330790899,8.96
"Beta-Hch","Honey",0.000128367909560068,NA,NA,NA,NA,2.57431279598473e-05,0.00013895157443622,0.000739810354747143,62.38
"Beta-Hch","Khat",0.000442158180126764,NA,NA,NA,NA,3.27466895203321e-05,0.000297293427380036,0.00304104445277718,79.17
"Beta-Hch","Onion",0.000118410416794451,NA,NA,NA,NA,8.57675749701168e-06,8.50663209398397e-05,0.000806308450116109,45.32
"Beta-Hch","Tomato",0.000196556468438131,NA,NA,NA,NA,3.3167173335488e-05,0.000196907682643319,0.00116348469623496,73.62
"Butachlor","Fish",0.00112838621586615,NA,NA,NA,NA,NA,NA,NA,NA
"Carbaryl","Fish",2.40897277594413e-05,7.38887155519888e-07,7.91299074258097e-05,0.00781613335619991,0.03,NA,NA,NA,NA
"Carbaryl","Honey",6.44464616878347e-05,0.000293691862827716,0.0030032019970693,0.0318337678631759,0,NA,NA,NA,NA
"Carbofuran","Honey",3.54845858026674e-05,0.00297654194100375,0.0539894220636294,0.913202399446325,4.45,NA,NA,NA,NA
"Chlordane","Fish",0.000180633137516435,0.00118685799162007,0.0393607476740505,1.18418882058108,5.88,2.07700148533512e-07,6.88813084295884e-06,0.000207233043601688,9.89
"Chlordane","Milk",0.000916752886293909,0.0888125283987691,0.762880795292469,6.55781800227703,41.82,1.55421924697846e-05,0.000133504139176182,0.00114761815039848,58.33
"Chlorflurenol-Methyl","Tomato",0.0109542642824173,NA,NA,NA,NA,NA,NA,NA,NA
"Chlorothalonil","Meat",6.92877504375005e-05,0.000124004147242755,0.00147816957878452,0.0177736645639668,0.01,NA,NA,NA,NA
"Chlorpyrifos","Fish",0.000307683538087282,0.0011191042828178,0.0339254332251728,0.98305940625036,4.95,NA,NA,NA,NA
"Chlorpyrifos","Honey",6.20210016015893e-05,0.00133857579588963,0.0173799170246252,0.248023700687184,0.53,NA,NA,NA,NA
"Chlorpyrifos","Pineapple",6.18258420379043e-05,0.000266238492592271,0.00752824643090661,0.220888956584987,0.84,NA,NA,NA,NA
"Chlorpyrifos","Potato",8.87353061395525e-05,0.000411750047980155,0.0111205629754768,0.316743637176912,1.34,NA,NA,NA,NA
"Chlorpyrifos","Tomato",6.81012135786898e-05,0.00119531023081045,0.0179322027918356,0.261155928314809,0.74,NA,NA,NA,NA
"Cis-Chlordane","Fish",1.42032843468177e-05,1.72196862861563e-06,0.000329304645716042,0.0517208119258069,0.34,3.01344510007735e-10,5.76283130003074e-08,9.0511420870162e-06,0.65
"Cis-Chlordane","Honey",0.000197172772216202,0.0374434335667545,0.217130432125643,1.29024360292284,7.99,6.55260087418204e-06,3.79978256219875e-05,0.000225792630511498,18.41
"Cis-Chlordane","Khat",0.000363080347788458,0.062304025539075,0.383676589673045,2.45215189909425,20.1,1.09032044693381e-05,6.71434031927828e-05,0.000429126582341495,36.48
"Cis-Heptachlor Epoxide","Fish",7.2619838973389e-05,0.000449229969799575,0.0563575293981772,6.36735973550277,15.63,5.31439054272897e-08,6.66709572780436e-06,0.000753258656709978,16.98
"Cis-Heptachlor Epoxide","Honey",9.2065552858238e-05,0.330378601237779,2.80693133459045,25.8412270560851,77.97,3.90837885264293e-05,0.00033205997688205,0.00305701716073487,81.69
"Cis-Heptachlor Epoxide","Khat",1.70965127682474e-05,0.00176648918233662,0.087756253723633,4.38951753495509,15.2,2.08975670270422e-07,1.03815648155058e-05,0.000519279924385187,17.1
"Cyhalothrin","Wheat",0.000702579827958268,0.0104466781498274,0.0704949403917315,0.497566469335346,1.27,NA,NA,NA,NA
"Cymiazole","Honey",4.72321737210849e-05,NA,NA,NA,NA,NA,NA,NA,NA
"Cypermethrin","Drinking Water",0.00277325820936334,0.295654375888826,0.522116114722566,0.925293889658374,3.06,NA,NA,NA,NA
"Ddt","Fish",0.000349767911998452,0.004910828022489,0.117535787822165,2.59518321517899,12.73,8.3484076382313e-07,1.99810839297681e-05,0.000441181146580429,19.85
"Delta-Hch","Fish",5.60343333136511e-05,4.45420656821047e-05,0.00449715370767722,0.498446456332759,2.78,NA,NA,NA,NA
"Delta-Hch","Khat",0.000433896853920175,0.0906169283332622,0.678742903724868,5.15844488542953,37.84,NA,NA,NA,NA
"Delta-Hch","Onion",0.000191181897835468,0.0802568352734992,0.395212363174653,1.95891847772767,16.82,NA,NA,NA,NA
"Delta-Hch","Tomato",0.00022314640657759,0.0913448308686258,0.462051994549608,2.28193079747034,21.78,NA,NA,NA,NA
"Deltamethrin","Cabbage",0.000634139210702914,0.00848402345383056,0.0404281469286161,0.194438650324137,0.06,NA,NA,NA,NA
"Deltamethrin","Drinking Water",0.00066020404338997,0.0242861305493416,0.058158556107789,0.135326478441653,0,NA,NA,NA,NA
"Deltamethrin","Potato",0.000556611605389838,0.00516558177496937,0.0307292856553656,0.181333233904546,0.08,NA,NA,NA,NA
"Diazinon","Cabbage",1.28487886992614e-07,2.10542024574493e-13,1.5206733727281e-09,1.15884028009713e-05,0.02,NA,NA,NA,NA
"Diazinon","Tomato",2.44388687988146e-05,5.26652842034442e-05,0.00409432729251966,0.343769132126469,1.96,NA,NA,NA,NA
"Diazinon","Wheat",0.010871579585178,9.40337512862305,37.8144367013974,153.637018822419,100,NA,NA,NA,NA
"Dibutyl-Chlorendate","Tea",0.00374712578082496,NA,NA,NA,NA,NA,NA,NA,NA
"Dichlorvos","Honey",3.95647155178389e-05,0.00572583107859836,0.102533179175662,1.85632242238767,9.64,1.32839281023482e-07,2.37876975687535e-06,4.30666801993939e-05,1.78
"Dieldrin","Honey",8.26743677313909e-05,0.114333257384865,0.835484868677627,5.85707135735387,43.51,9.14666059078921e-05,0.000668387894942101,0.0046856570858831,94.19
"Dieldrin","Khat",8.75985848168098e-05,0.00425818048124737,0.164010769444335,6.72316664873287,21.24,3.4065443849979e-06,0.000131208615555468,0.0053785333189863,54.51
"Dieldrin","Meat",0.000162716812038436,0.138145237419914,1.25872253585464,11.9439906340255,56.73,0.000110516189935931,0.00100697802868371,0.00955519250722038,95.68
"Dieldrin","Pineapple",2.55013115847825e-05,0.000975026754106223,0.0450369793410773,1.80700856381998,8.37,7.80021403284979e-07,3.60295834728619e-05,0.00144560685105598,32.38
"Dieldrin","Potato",0.000518679008591428,0.776695576440323,5.36793051288514,35.0686315794265,92.55,0.000621356461152259,0.00429434441030811,0.0280549052635412,99.91
"Dieldrin","Tea",0.00186250605998235,6.68365051643406,26.3323162923098,104.046242657121,100,0.00534692041314725,0.0210658530338478,0.0832369941256967,100
"Dieldrin","Tomato",0.000214137072577627,0.109412313538587,1.38097037996133,16.3058172670258,58.44,8.75298508308699e-05,0.00110477630396907,0.0130446538136207,93.96
"Dieldrin","Wheat",0.000636608715964476,0.262542959809949,3.65063801365074,46.6439491021869,79.83,0.000210034367847959,0.00292051041092059,0.0373151592817495,98.42
"Diethyltoluamide","Honey",4.20532286152255e-05,NA,NA,NA,NA,NA,NA,NA,NA
"Difenoconazole","Fish",1.67402499306558e-05,NA,NA,NA,NA,NA,NA,NA,NA
"Dimethachlor","Cabbage",0.00653698760082642,0.0104739109694725,0.0446023146941367,0.186587506126949,0.03,NA,NA,NA,NA
"Dimethachlor","Drinking Water",0.00366783884998563,0.0199585026785211,0.0343513310971433,0.0608616746701486,0,NA,NA,NA,NA
"Dimethoate","Corn",0.00902023210596912,7.58728585326975,31.1637950018074,126.728178516333,99.98,NA,NA,NA,NA
"Dimethoate","Honey",8.6371519679456e-05,0.0304120439948185,0.211671916378768,1.51999283662567,9.55,NA,NA,NA,NA
"Dimethoate","Milk",0.000774370865661358,0.540242357389713,2.49148068321244,11.4490014437405,83.38,NA,NA,NA,NA
"Dimethoate","Millet",0.0060457272939202,5.23838760563829,21.4956260406332,84.8373540520546,99.96,NA,NA,NA,NA
"Dimethoate","Pineapple",0.000233725531471174,0.0538181951090263,0.473509765467618,4.3722132105921,28.94,NA,NA,NA,NA
"Dimethoate","Potato",0.000471620162415229,0.123111485490604,1.01007375881939,8.42736511498517,50.32,NA,NA,NA,NA
"Dimethoate","Rice",0.00225053193553636,1.70340895414655,7.44502914410803,32.4815737301656,98.79,NA,NA,NA,NA
"Dimethoate","Sorghum",0.00574917156749586,4.35187786135032,19.3100671374732,83.2916872218003,99.96,NA,NA,NA,NA
"Dimethoate","Tomato",0.000126076947538744,0.0158817188896245,0.198217367666377,2.54695274625,14.26,NA,NA,NA,NA
"Endosulfan","Fish",0.000316686521964244,0.00027071298843789,0.00719075849641963,0.189190094129765,0.71,NA,NA,NA,NA
"Endosulfan","Wheat",0.000450028919903625,0.00467655048608099,0.0354175286482017,0.265059271280929,0.37,NA,NA,NA,NA
"Endosulfan-Sulfate","Corn",0.00390920632532557,0.112257464630023,0.452242797650927,1.83099198123795,17.87,NA,NA,NA,NA
"Endosulfan-Sulfate","Honey",0.000122962093774433,0.00112643216387741,0.00914604801081799,0.0743254284210646,0.01,NA,NA,NA,NA
"Endosulfan-Sulfate","Khat",6.51996019462692e-05,1.59438476117627e-05,0.000781935895205026,0.0379931629960896,0.07,NA,NA,NA,NA
"Endosulfan-Sulfate","Millet",0.0019341472842536,0.0505881493892839,0.216083715040001,0.95582347144384,4.41,NA,NA,NA,NA
"Endosulfan-Sulfate","Pineapple",4.41458549788814e-05,1.98951687142508e-05,0.000728526185860108,0.0264139229609973,0.04,NA,NA,NA,NA
"Endosulfan-Sulfate","Potato",7.0655911612237e-05,2.17493921168063e-05,0.000932956784982978,0.0363535793055551,0.11,NA,NA,NA,NA
"Endosulfan-Sulfate","Rice",0.00225640824419399,0.0586252008772131,0.249324774238379,1.09926796510043,6.28,NA,NA,NA,NA
"Endosulfan-Sulfate","Sorghum",0.00584281593466551,0.152557613463394,0.667685688481799,2.83138858780394,32.32,NA,NA,NA,NA
"Endosulfan-Sulfate","Tea",0.00292653602487643,0.0851186125261433,0.342328820467065,1.35357258650383,9.91,NA,NA,NA,NA
"Endosulfan-Sulfate","Tomato",3.42952866482462e-05,1.62134982726653e-05,0.000600014116767482,0.0223144800738493,0.02,NA,NA,NA,NA
"Endrin","Cabbage",0.000234002230100877,0.0188942790183472,0.237484577468608,3.05228176250315,18.05,NA,NA,NA,NA
"Endrin","Honey",0.000122167461624086,0.0321049089935686,0.206153007288388,1.34852705344611,8.47,NA,NA,NA,NA
"Endrin","Khat",0.000176051441500774,0.0081147567739269,0.133576822610381,2.20755491438978,11.4,NA,NA,NA,NA
"Endrin","Meat",6.29448769218731e-05,0.00207854843966653,0.0401306116521711,0.75836059342906,3.78,NA,NA,NA,NA
"Endrin","Pineapple",4.65471424468058e-05,0.000909661386813238,0.0229863314974377,0.557980493442998,2.5,NA,NA,NA,NA
"Endrin","Potato",0.000212932355080674,0.0124444960012727,0.182105179225056,2.69610488864997,15.2,NA,NA,NA,NA
"Endrin","Swiss Chard",0.000792507543263532,0.0197996767478248,0.42576983702017,9.55620249213484,32.75,NA,NA,NA,NA
"Endrin","Tea",0.0036212916381305,2.16103555991689,8.44261420132468,33.9186241296871,99.55,NA,NA,NA,NA
"Endrin","Tomato",0.000115347281803048,0.00179574016507414,0.0460134672246381,1.2914618984412,6.44,NA,NA,NA,NA
"Endrin-Aldehyde","Honey",0.00013999380386143,0.0301467388933267,0.216855375244498,1.60575021318103,10.74,NA,NA,NA,NA
"Endrin-Aldehyde","Khat",0.000827940518302739,0.45538330770232,1.86470965677437,7.99674398228338,76.16,NA,NA,NA,NA
"Endrin-Ketone","Honey",0.000137727481514541,0.0312183208884812,0.22639898747066,1.5833809816422,10.69,NA,NA,NA,NA
"Endrin-Ketone","Khat",0.000472770393094192,0.0386198502685818,0.478056873089471,5.82110512741031,32.16,NA,NA,NA,NA
"Fenobucarb","Honey",4.52196529874204e-05,NA,NA,NA,NA,NA,NA,NA,NA
"Flazasulfuron","Fish",0.000175032351006229,0.000190715481434173,0.00309265768820373,0.04981509773676,0.05,NA,NA,NA,NA
"Gamma-Hch","Fish",4.82402313402221e-05,5.76055222129721e-05,0.00444518010601637,0.340779154493898,2.08,NA,NA,NA,NA
"Gamma-Hch","Honey",0.000204712599546706,0.043421062938201,0.326011077245571,2.41458999311618,18.05,NA,NA,NA,NA
"Gamma-Hch","Khat",0.000182012251865977,0.00842556332549465,0.142027088981674,2.35294123660208,12.33,NA,NA,NA,NA
"Heptachlor","Cabbage",0.000394605842103862,0.0543451248520081,0.383855831048981,2.72651720809639,21.04,0.000122276530917018,0.000863675619860208,0.00613466371821688,96.61
"Heptachlor","Drinking Water",0.0017857791757908,1.82579910580941,3.34241459699756,6.05387127552367,99.99,0.00410804798807117,0.0075204328432445,0.0136212103699283,100
"Heptachlor","Fish",0.00060781122925775,0.0435024264874541,0.449771829805768,4.44548020623669,28.16,9.78804595967717e-05,0.00101198661706298,0.0100023304640326,94.81
"Heptachlor","Honey",5.63765034111073e-05,0.00350376834489997,0.0362265340669434,0.420091482026913,1.35,7.88347877602493e-06,8.15097016506228e-05,0.000945205834560555,44.84
"Heptachlor","Khat",0.000182710267441377,0.00858731585720908,0.108248163310975,1.42837914302482,7.7,1.93214606787204e-05,0.000243558367449693,0.00321385307180585,71.42
"Heptachlor","Milk",0.000389891888014493,0.0797274863129937,0.450924535565044,2.46291998261355,22.11,0.000179386844204236,0.00101458020502135,0.00554156996088049,98.57
"Heptachlor","Onion",0.00106506430230373,0.230538279619066,1.27822122394243,6.73886630596528,59.39,0.000518711129142898,0.00287599775387048,0.0151624491884219,99.94
"Heptachlor","Potato",0.00109321467950988,0.276130165754185,1.36929066658733,6.76779542704562,63.14,0.000621292872946916,0.0030809039998215,0.0152275397108527,99.99
"Heptachlor Epoxide","Khat",0.0100381797170884,137.104570276521,540.140735406141,2177.252388922,100,0.0162194706637125,0.0638986489985465,0.257568957609472,100
"Heptachlor Epoxide","Milk",0.00100887361737177,8.94450621453365,46.2117917892591,241.532526025433,100,0.00105813508517933,0.00546685496866935,0.0285732978288087,100
"Heptachlor Epoxide","Tea",0.00327519399919465,44.4191918083825,179.74291561992,696.706210072033,100,0.00525479039093165,0.0212635869178365,0.0824203446515214,100
"Hexachlorobenzene","Milk",0.000609011165852274,0.0965697301653354,0.475396928678578,2.35997583357588,21.92,0.000123609254611629,0.00060850806870858,0.00302076906697713,96.79
"Hexachlorobenzene","Tomato",1.12240438323771e-05,2.03098502168073e-06,0.000211334658093097,0.0230086381595085,0.18,2.59966082775133e-09,2.70508362359164e-07,2.94510568441708e-05,1.87
"Hexaconazole","Honey",4.06827460145291e-05,0.000131995604154892,0.00209037382287403,0.0306695195946783,0,NA,NA,NA,NA
"Imidacloprid","Fish",6.00562507982614e-05,1.13271179642942e-06,5.54968738436227e-05,0.00281740419273838,0,NA,NA,NA,NA
"Lambda-Cyhalothrin","Drinking Water",0.000260393302383712,0.020794903306917,0.0755043116795935,0.278163647866839,0.1,NA,NA,NA,NA
"Lambda-Cyhalothrin","Onion",0.000124057990326198,0.00105893678153721,0.0145134433439705,0.200062595983306,0.34,NA,NA,NA,NA
"Lambda-Cyhalothrin","Tomato",0.000219803101452977,0.0034957830445847,0.0328535998013608,0.331292227207006,0.76,NA,NA,NA,NA
"Lindane","Cabbage",0.000201566329014147,0.0341936948250089,0.297520050215564,2.45704285963749,17.69,NA,NA,NA,NA
"Lindane","Drinking Water",0.000770711276795244,1.15691879040482,2.34297415765227,4.7981566015842,97.72,NA,NA,NA,NA
"Lindane","Honey",0.000155629735279592,0.031810910306217,0.241083249349782,1.82618811730791,12.08,NA,NA,NA,NA
"Lindane","Onion",0.0043038930341495,2.53768672771291,9.95358212824283,40.266681280113,99.64,NA,NA,NA,NA
"Lindane","Potato",0.00165939640759603,0.850821054557071,3.7399553924739,16.3610604264737,92.72,NA,NA,NA,NA
"Malathion","Honey",5.43365983348514e-05,6.50977768248123e-05,0.000856201527427225,0.0105348977065404,0,NA,NA,NA,NA
"Malathion","Pineapple",0.00041691643428518,0.00235832053321799,0.0125010719510108,0.0656576550579055,0,NA,NA,NA,NA
"Malathion","Potato",0.000352818498354149,0.0017766345327163,0.0102166261907752,0.0569652067498191,0,NA,NA,NA,NA
"Malathion","Tomato",0.000374764589634701,0.00173452556244891,0.0103794147239458,0.0635999142271725,0.01,NA,NA,NA,NA
"Metalaxyl","Drinking Water",0.000235605222444806,0.000615709829144728,0.00265155789935704,0.0113411670340997,0,NA,NA,NA,NA
"Metalaxyl","Honey",5.24928885744707e-05,1.55825777565168e-05,0.000224150563569612,0.00323349672538564,0,NA,NA,NA,NA
"Metalaxyl","Onion",0.000389883543874457,0.000553738350218643,0.0034995229282285,0.0221438223106484,0,NA,NA,NA,NA
"Metalaxyl","Tomato",0.000797583568295971,0.0018604138953458,0.00858488186086538,0.0397768706178294,0,NA,NA,NA,NA
"Methoxychlor","Honey",8.92131740752534e-05,0.00128640788046811,0.00913078694828895,0.0607146046387761,0,NA,NA,NA,NA
"Methoxychlor","Khat",0.000313848300050667,0.00125876891870588,0.0171242259117336,0.228725178365405,0.64,NA,NA,NA,NA
"Methoxychlor","Milk",0.000300885946664462,0.00563919983953201,0.0343882044768764,0.19588310528674,0.07,NA,NA,NA,NA
"Methoxychlor","Onion",0.00022570843036032,0.00607495435785939,0.0287819483662748,0.140774804625816,0.01,NA,NA,NA,NA
"Methoxychlor","Pineapple",0.000213075030068807,0.00446962434315343,0.0246612426055888,0.134952056563673,0.03,NA,NA,NA,NA
"Methoxychlor","Potato",0.000113080814650033,0.000266064444611856,0.00473664151111247,0.087509113260676,0.16,NA,NA,NA,NA
"Methoxychlor","Tea",0.00209739040329757,0.0725717976210276,0.296788841361228,1.173127613189,7.27,NA,NA,NA,NA
"Methoxychlor","Tomato",0.000262373467314038,0.00622704175487131,0.0322934232395896,0.166755217545842,0.02,NA,NA,NA,NA
"Metribuzin","Honey",4.80488372020235e-05,0.000597610603957874,0.0091826427210482,0.143493943526562,0.31,NA,NA,NA,NA
"O,P'-Ddd","Fish",0.00059458548043676,0.00304247952240325,0.101755892800871,3.48421608206383,14.18,3.6509754268839e-07,1.22107071361046e-05,0.00041810592984766,16.13
"O,P'-Ddd","Khat",4.60808351268033e-05,0.00050232667324639,0.0138332710340742,0.368501137107081,1.54,6.02792007895667e-08,1.6599925240889e-06,4.42201364528497e-05,1.94
"O,P'-Dde","Fish",6.91388399464796e-05,3.51649742319454e-05,0.00316881675918953,0.31135974984937,1.79,5.97804561943072e-09,5.3869884906222e-07,5.29311574743929e-05,2.81
"O,P'-Dde","Khat",2.87297211185694e-05,0.000104245056496598,0.00445386757730907,0.207460967442481,0.82,1.77216596044217e-08,7.57157488142541e-07,3.52683644652218e-05,1.56
"O,P'-Ddt","Cabbage",0.00258906956407708,0.84941623389016,3.57008974468468,15.1604293545122,92.77,0.000144400759761327,0.000606915256596396,0.00257727299026707,98.18
"O,P'-Ddt","Drinking Water",0.00172051019663281,1.59360732441254,3.1666095376792,6.22774307203675,99.63,0.000270913245150131,0.000538323621405464,0.00105871632224625,100
"O,P'-Ddt","Fish",0.000182153583760033,0.000479035956976526,0.0233433021802615,1.14265741748845,5.66,8.14361126860095e-08,3.96836137064445e-06,0.000194251760973037,8.56
"O,P'-Ddt","Khat",0.000601223925052678,0.0773940748136884,0.572282216923949,4.30400603739264,33.13,1.3156992718327e-05,9.72879768770713e-05,0.000731681026356748,49.13
"O,P'-Ddt","Meat",0.00128412207016851,0.356370892357928,1.64058981782341,7.92636213760017,69.85,6.05830517008478e-05,0.000278900269029979,0.00134748156339203,86.78
"O,P'-Ddt","Milk",0.00060406966575956,0.0343578642577138,0.373491360466718,4.4505523990207,25.53,5.84083692381135e-06,6.34935312793421e-05,0.000756593907833519,37.92
"O,P'-Ddt","Onion",0.00122196808190153,0.357627440519863,1.62869222048698,7.15744706636378,70.19,6.07966648883767e-05,0.000276877677482787,0.00121676600128184,86.66
"O,P'-Ddt","Potato",0.000298752031290611,0.0311579869732259,0.263410054695218,2.21036781551835,14.93,5.2968577854484e-06,4.47797092981871e-05,0.000375762528638119,26.54
"O,P'-Ddt","Wheat",0.00150640406264924,0.387576997799014,1.82865600322211,9.34268275955194,73.69,6.58880896258323e-05,0.000310871520547759,0.00158825606912383,88.3
"Oxamyl","Fish",0.00207936765509929,3.28281104354255,13.8481212831884,59.8164669342268,99.88,NA,NA,NA,NA
"Oxy-Chlordane","Fish",6.06372306780765e-06,1.84459165615806e-07,4.97051806738196e-05,0.0146130702345467,0.17,3.2280353982766e-11,8.69840661791844e-09,2.55728729104567e-06,0.29
"P,P'-Ddd","Cabbage",0.00138802533860401,0.455080886747277,1.85736533220481,8.08779494237025,76.37,5.46097064096733e-05,0.000222883839864577,0.00097053539308443,82.5
"P,P'-Ddd","Drinking Water",0.00298705311472869,2.91830332332402,5.50584204104368,10.5470697709413,100,0.000350196398798882,0.000660701044925242,0.00126564837251295,100
"P,P'-Ddd","Fish",0.000237457102385256,0.000537550262357297,0.0253269336147738,1.07335692342919,5.43,6.45060314828757e-08,3.03923203377286e-06,0.000128802830811503,6.41
"P,P'-Ddd","Honey",0.00011900512604359,0.0181986300252307,0.123231750214884,0.785061013112288,3.3,2.18383560302769e-06,1.47878100257861e-05,9.42073215734746e-05,4.42
"P,P'-Ddd","Khat",0.000231031805002657,0.0092867632466602,0.126225455378151,1.78553177022277,10.56,1.11441158959922e-06,1.51470546453781e-05,0.000214263812426732,12.67
"P,P'-Ddd","Milk",0.00103150598264164,0.240580931868494,1.23569451046596,6.68651759492104,58.76,2.88697118242193e-05,0.000148283341255915,0.000802382111390524,65.8
"P,P'-Ddd","Onion",0.00132917400045704,0.425525736958067,1.78432524982282,7.58072372210886,74.31,5.10630884349681e-05,0.000214119029978739,0.000909686846653063,80.68
"P,P'-Ddd","Potato",0.000211618799030665,0.0164507163363369,0.16189406889154,1.55761713879358,9.44,1.97408596036043e-06,1.94272882669847e-05,0.00018691405665523,11.97
"P,P'-Dde","Cabbage",0.000942481766054982,0.275249156914966,1.22663780595242,5.69868445563475,59.02,4.67923566755442e-05,0.000208528427011912,0.000968776357457908,79.27
"P,P'-Dde","Corn",0.00197034751295496,0.492035164896888,2.4524082979748,12.347020095462,82.35,8.3645978032471e-05,0.000416909410655715,0.00209899341622854,92.78
"P,P'-Dde","Drinking Water",1.99431285215906e-05,9.7118012974361e-05,0.0036597906213672,0.129612740806517,0.55,1.65100622056414e-08,6.22164405632423e-07,2.20341659371079e-05,1.02
"P,P'-Dde","Fish",0.000331887869630093,0.00135061819116043,0.0512983734743921,2.1016159497649,9.13,2.29605092497273e-07,8.72072349064665e-06,0.000357274711460033,13.81
"P,P'-Dde","Honey",8.89074670580926e-05,0.0121030009300918,0.0866611075150272,0.648626018634064,1.96,2.05751015811561e-06,1.47323882775546e-05,0.000110266423167791,5.92
"P,P'-Dde","Khat",0.000489624450208035,0.0447789860410859,0.39937116759594,3.66800321940317,24.88,7.6124276269846e-06,6.78930984913098e-05,0.00062356054729854,38.33
"P,P'-Dde","Milk",0.000551963386952819,0.0266885522932625,0.334375689335396,4.06615128029079,23.72,4.53705388985463e-06,5.68438671870173e-05,0.000691245717649435,35.74
"P,P'-Dde","Millet",0.007333377327356,2.54781394312012,10.3393019214055,40.5014845384189,99.71,0.000433128370330421,0.00175768132663893,0.00688525237153121,99.96
"P,P'-Dde","Onion",0.000111191376287442,0.0024328288641424,0.0433596079292227,0.881886838933618,4.34,4.13580906904208e-07,7.37113334796787e-06,0.000149920762618715,7.65
"P,P'-Dde","Pineapple",3.9950693143307e-05,0.000104543181202967,0.00534181335098446,0.237034858324997,1.32,1.77723408045045e-08,9.08108269667359e-07,4.02959259152494e-05,2.21
"P,P'-Dde","Potato",0.000126625541894127,0.00260130833327313,0.0529699863106372,0.974729883824785,4.87,4.42222416656432e-07,9.00489767280832e-06,0.000165704080250213,8.76
"P,P'-Dde","Rice",0.00153716026173634,0.466654577091572,2.05546281498856,8.9625963366239,79.23,7.93312781055673e-05,0.000349428678548055,0.00152364137722606,91.74
"P,P'-Dde","Sorghum",0.0072391377624657,2.26780724214427,9.91495899503636,41.5285552946378,99.52,0.000385527231164527,0.00168554302915618,0.00705985440008843,99.95
"P,P'-Dde","Tomato",2.11082417460574e-05,2.95019869782874e-05,0.00189425606973885,0.113352228010274,0.6,5.01533778630885e-09,3.22023531855605e-07,1.92698787617466e-05,1.11
"P,P'-Dde","Wheat",0.00197718876638432,0.526032368594711,2.46336800223792,12.1153131204065,82.97,8.94255026611009e-05,0.000418772560380447,0.0020596032304691,93.42
"P,P'-Ddt","Cabbage",0.00113275994823306,0.35543574053461,1.55613421394814,6.53102956415693,68.39,6.04240758908837e-05,0.000264542816371184,0.00111027502590668,86.25
"P,P'-Ddt","Corn",0.00342238890157015,0.983048027581628,4.49594358455254,20.656841727781,94.82,0.000167118164688877,0.000764310409373933,0.00351166309372278,98.51
"P,P'-Ddt","Drinking Water",0.000503067002815272,0.265298900233893,0.807252570089374,2.408246466453,37.18,4.51008130397617e-05,0.000137232936915194,0.00040940189929701,67.94
"P,P'-Ddt","Fish",0.000219316623858274,0.000727242391927509,0.0339218958811049,1.48410854874955,6.76,1.23631206627677e-07,5.76672229978783e-06,0.000252298453287424,10.52
"P,P'-Ddt","Honey",5.12784989751687e-05,0.00247026290536878,0.0294336079852925,0.382382474531222,1.1,4.19944693912692e-07,5.00371335749972e-06,6.50050206703078e-05,2.66
"P,P'-Ddt","Khat",0.000704399828054264,0.10688289421345,0.726981642863691,4.78957433309992,38.8,1.81700920162864e-05,0.000123586879286827,0.000814227636626987,56.64
"P,P'-Ddt","Milk",0.00195444329055638,0.491431715324996,2.44263734603377,12.0844980093792,82.05,8.35433916052494e-05,0.00041524834882574,0.00205436466159446,92.81
"P,P'-Ddt","Millet",0.00570110277868648,1.72649290536243,7.61471262666341,33.8239615107698,98.91,0.000293503793911613,0.00129450114653278,0.00575007345683087,99.83
"P,P'-Ddt","Onion",0.000192509661683092,0.0119012460711843,0.132179413526933,1.53848420651729,8.6,2.02321183210134e-06,2.24705002995787e-05,0.00026154231510794,15.64
"P,P'-Ddt","Pineapple",6.41013745947871e-05,0.0012788228819998,0.0265314210375334,0.481840206563232,1.96,2.17399889939965e-07,4.51034157638067e-06,8.19128351157495e-05,3.91
"P,P'-Ddt","Potato",0.000467329662800818,0.0318948779534743,0.324534386067149,3.49295596791778,21.22,5.42212925209063e-06,5.51708456314153e-05,0.000593802514546022,33.88
"P,P'-Ddt","Rice",0.00134199561844732,0.380514070314655,1.73365965486855,8.01448335323768,72.95,6.46873919534913e-05,0.000294722141327654,0.00136246217005041,88.44
"P,P'-Ddt","Sorghum",0.00536268261634202,1.76598578462162,7.29561962999727,30.6431780615927,98.79,0.000300217583385676,0.00124025533709954,0.00520934027047076,99.84
"P,P'-Ddt","Tea",0.00383908419830373,1.38214594964965,5.53094547192594,20.8580840776205,97.78,0.000234964811440441,0.00094026073022741,0.00354587429319549,99.68
"P,P'-Ddt","Tomato",3.26958171521467e-05,0.000111495359899184,0.00495646723178747,0.22761538706305,0.99,1.89542111828614e-08,8.42599429403869e-07,3.86946158007184e-05,1.98
"P,P'-Ddt","Wheat",0.0039927363681361,1.19768981350553,5.27279727083544,23.1389802260477,96.67,0.000203607268295939,0.000896375536042025,0.00393362663842811,99.31
"Pirimiphos-Methyl","Fish",4.47736615895016e-05,1.01159567286126e-05,0.000554463117850863,0.02977858827024,0.16,NA,NA,NA,NA
"Profenofos","Cabbage",0.000461845401351449,1.29077387355093e-05,0.00075948339161986,0.0464519116448297,0.16,NA,NA,NA,NA
"Profenofos","Drinking Water",0.00161806029530334,0.023639527209076,0.0489265072174647,0.10137719543984,0,NA,NA,NA,NA
"Profenofos","Milk",0.000281392068944553,0.000567192557866432,0.00436804881427575,0.033601467168448,0,NA,NA,NA,NA
"Profenofos","Onion",2.22230693770527e-05,4.79047419521857e-07,3.15194283434083e-05,0.00200815397578741,0,NA,NA,NA,NA
"Profenofos","Swiss Chard",0.000187728611955335,5.45033270135162e-06,0.000314691435349431,0.0181364720348966,0.07,NA,NA,NA,NA
"Profenofos","Tomato",0.000278073357199857,0.000251768430087262,0.00299767217602645,0.0360732009790483,0,NA,NA,NA,NA
"Propargite","Cabbage",3.72449912118876e-05,5.41179202251713e-07,4.74055051976427e-05,0.0042227427985736,0,NA,NA,NA,NA
"Propargite","Swiss Chard",1.33662486292791e-05,2.04247614476412e-07,1.60434564461761e-05,0.00143585863908244,0,NA,NA,NA,NA
"Propargite","Tomato",6.75387493927392e-05,4.87712965863268e-06,0.000238525127856643,0.0109699165706979,0.01,NA,NA,NA,NA
"Pyrimethanil","Fish",0.000556001489166362,5.97656586093893e-05,0.000902283928872103,0.0133493561577286,0,NA,NA,NA,NA
"Rotenone","Honey",5.95810989778698e-05,0.00046045096241,0.00511381390500009,0.0576853173275238,0.02,NA,NA,NA,NA
"Tebuconazole","Fish",8.75427555448268e-05,2.88444117781422e-06,0.000130783657846987,0.00618008399119682,0.01,NA,NA,NA,NA
"Tebuconazole","Honey",8.98547841677748e-05,0.000122002275433983,0.00117515691182583,0.0109891437520767,0,NA,NA,NA,NA
"Thiamethoxam","Honey",7.4787754743288e-05,0.000105288649474807,0.00108949642016192,0.0111378682529582,0,NA,NA,NA,NA
"Trans-Chlordane","Cabbage",0.000160242217426502,0.0114917546742805,0.116400097644516,1.19627714881091,6.66,2.01105706799909e-06,2.03700170877903e-05,0.000209348501041909,13.29
"Trans-Chlordane","Drinking Water",0.000137997575533358,0.0310393649746807,0.165500830178469,0.866938419408859,3.65,5.43188887056912e-06,2.89626452812321e-05,0.00015171422339655,11.11
"Trans-Chlordane","Fish",8.11352774324301e-05,2.01079008693924e-05,0.00242037636498596,0.275353907759806,1.83,3.51888265214367e-09,4.23565863872542e-07,4.8186933857966e-05,2.93
"Trans-Chlordane","Honey",3.63288985348439e-05,0.00114236389845937,0.0180373646253514,0.282103364763551,0.8,1.9991368223039e-07,3.15653880943649e-06,4.93680888336214e-05,1.98
"Trans-Chlordane","Khat",0.000351562318269972,0.0137384029469849,0.191159759924145,2.612837405956,15.36,2.40422051572236e-06,3.34529579867253e-05,0.0004572465460423,24.9
"Trans-Chlordane","Onion",0.000235943647458987,0.0266531849380243,0.211128770244458,1.67988433640028,11.01,4.66430736415425e-06,3.69475347927802e-05,0.000293979758870048,21.84
"Trans-Chlordane","Potato",0.000175154579961381,0.0112169235737726,0.1200351222216,1.23659562216856,6.91,1.9629616254102e-06,2.100614638878e-05,0.000216404233879499,14.24
"Trans-Chlordane","Tea",0.00353620670591477,1.19946074716818,4.98864478896354,19.6296442375653,96.76,0.000209905630754432,0.00087301283806862,0.00343518774157393,99.46
"Trans-Chlordane","Tomato",0.000100336055888399,0.00817345894675271,0.07578859906268,0.741651945868257,3.13,1.43035531568172e-06,1.3263004835969e-05,0.000129789090526945,7.22
"Trans-Heptachlor-Epoxide","Fish",2.21157084074177e-05,0.000308002670749754,0.0314265632001475,3.80123535625571,12.14,3.64367159496959e-08,3.71776242657745e-06,0.00044968614264505,13.15
"Trans-Nonachlor","Fish",2.62990936722066e-05,NA,NA,NA,NA,NA,NA,NA,NA
